{
  "project_info": {
    "project_number": "930245136233",
    "project_id": "java-cwk",
    "storage_bucket": "java-cwk.appspot.com"
  },
  "client": [
    {
      "client_info": {
        "mobilesdk_app_id": "1:930245136233:android:3fa1d5519d486fa1cf37f8",
        "android_client_info": {
          "package_name": "com.example.javacoursework"
        }
      },
      "oauth_client": [
        {
          "client_id": "930245136233-9fvpbv0flbtlbpdmdks87cqo249rhin2.apps.googleusercontent.com",
          "client_type": 3
        }
      ],
      "api_key": [
        {
          "current_key": "AIzaSyD1mR8Ztyp_1D8wDzbptfXIHEh_82Wrq60"
        }
      ],
      "services": {
        "appinvite_service": {
          "other_platform_oauth_client": [
            {
              "client_id": "930245136233-9fvpbv0flbtlbpdmdks87cqo249rhin2.apps.googleusercontent.com",
              "client_type": 3
            }
          ]
        }
      }
    }
  ],
  "configuration_version": "1"
}